Login,Password,address1,address2,pass1,arrive,depart
jojo,bean,First street,Liberty,Jojo Bean,Portland,Denver
James,Carter,Boom street,Akron,James Carter,San Frencisco,Frankfurt
Olivia,Bennett,Beach street,Vicecity,Olivia Bennett,Seattle,London
Michael,Turner,Opolo street,Boston,Michael Turner,Sydney,Los Angeles
Emma,Collins,fire street,Buffalo,Emma Collins,Zurich,Paris
William,Scott,Frends street,Cary,William Scott,Denver,Portland
Ava,Morgan,Obama street,Concord,Ava Morgan,Frankfurt,San Frencisco
Sophia,Parker,Wall street,Erie,Sophia Parker,London,Seattle
Daniel,Harris,Liberty street,Frisco,Daniel Harris,Los Angeles,Sydney
David,Mitchell,Lafayette street,Greshman,David Mitchell,Paris,Zurich